selector_name,url
.m-news-detail-area,"https://sii.or.jp/newsrelease/"
#contentsMain,"https://www.mlit.go.jp/kankocho/kouhou/news_2022.html"
#contentsMainInner,"https://www.mlit.go.jp/kankocho/page01_000604.html"
.m-grid__col1,"https://www.mhlw.go.jp/stf/seisakunitsuite/bunya/koyou_roudou/koyou/kyufukin/index_00007.html"
#contentsColumnWrapL,"https://www.mlit.go.jp/jidosha/jidosha_tk1_000015.html"
.content,"https://www.jfa.maff.go.jp/j/gyosei/supply/hozyo/index.html"
#main,"https://www.enecho.meti.go.jp/appli/public_offer/index.html"
#tmp_contents,"https://www.jpo.go.jp/news/shinchaku/koshin/index.html"
#main,"https://www.nsr.go.jp/nra/chotatsu/hojyokin/index.html"
#update_m2,"https://www.mod.go.jp/j/update/index.html"
.m-listNews,"https://www.mhlw.go.jp/stf/new-info/"
.row,"https://www.mext.go.jp/sports/b_menu/news/index.htm"
.news_list_tag,"https://www.bunka.go.jp/whats_new.html"
#maincontent,"https://www.chusho.meti.go.jp/old_info.html"
.infoList01,"https://www.mlit.go.jp/kankocho/index.html"
.dateList,"https://www.mext.go.jp/b_menu/news/index.html"
.inner,"https://www.pref.hokkaido.lg.jp/news/"
#tmp_contents,"https://www.city.sapporo.jp/business/new.html"
.latest,"https://www.city.hakodate.hokkaido.jp/bunya/sangyoshigoto/more.html"
.content,"https://www.city.otaru.lg.jp/navi/jigyosya-news.html"
.inner-frame,"https://www.city.asahikawa.hokkaido.jp/500/news.html"
#tmp_contents,"https://www.city.muroran.lg.jp/main/shintyaku.html"
#main,"https://www.city.kushiro.lg.jp/sangyou/news.html"
.news,"https://www.city.obihiro.hokkaido.jp/sangyo/index.html"
.container_left,"https://www.city.kitami.lg.jp/administration/news/?parent=town"
.main_inner,"https://www.city.yubari.lg.jp/allNewsList.html"
#news,"https://www.city.iwamizawa.hokkaido.jp/news/"
#BoxDetail,"https://www.city.abashiri.hokkaido.jp/003news/index.html"
.readspeaker,"https://www.e-rumoi.jp/whatsnew.html"
#article,"https://www.city.tomakomai.hokkaido.jp/kanko/whatsnew.html"
#tm_maincontents,"https://www.city.wakkanai.hokkaido.jp/sangyo/sangyowhatsnew.html"
.section_information,"https://www.city.bibai.hokkaido.jp/life/1/index-2.html"
#main,"https://www.city.ashibetsu.hokkaido.jp/oshirase/sangyo/"
.list_type_a_list,"https://www.city.ebetsu.hokkaido.jp/life/2/index-2.html"
.latest,"https://www.city.akabira.hokkaido.jp/sangyoshigoto/"
#BoxDetail,"https://mombetsu.jp/news/index.html"
.contents_box,"https://www.city.shibetsu.lg.jp/www/genre/1458026995578/index.html#GNRID_1458027931166"
.entry,"http://www.city.nayoro.lg.jp/biz/news.html"
#main_area_page,"https://www.city.mikasa.hokkaido.jp/hotnews/backnumber/"
.in,"https://www.city.nemuro.hokkaido.jp/lifeinfo/sangyou_jigyousha/"
.latest,"https://www.city.chitose.lg.jp/96/"
#content,"https://www.city.takikawa.hokkaido.jp/news/index.html"
#content,"https://www.city.sunagawa.hokkaido.jp/sangyou/news/index.html"
#page_maincontents-onecol,"https://www.city.utashinai.hokkaido.jp/hotnews/backnumber/?os=0"
.entry,"https://www.city.fukagawa.lg.jp/cms/news.html"
.latest,"http://www.city.furano.hokkaido.jp/bunya/sangyoshigoto/more.html"
#row,"https://www.city.noboribetsu.lg.jp/categories/kubun/messages/more.html"
.news-area,"https://www.city.eniwa.hokkaido.jp/kurashi/sangyo_business/index.html"
#page_news,"https://www.city.date.hokkaido.jp/hotnews/category/3.html"
#sincyaku2,"https://www.city.kitahiroshima.hokkaido.jp/hotnews/backnumber/?os=105"
.list_ccc,"https://www.city.ishikari.hokkaido.jp/life/2/index-2.html"
.category-pages,"https://www.city.hokuto.hokkaido.jp/whatsnew/shisei/"
.list_type_a_list,"https://www.town.tobetsu.hokkaido.jp/life/2/index-2.html"
#sincyaku2,"https://www.vill.shinshinotsu.hokkaido.jp/hotnews/backnumber/?os=0"
#cate_news,"http://www.town.matsumae.hokkaido.jp/hotnews/category/5.html"
#new_info_area,"http://www.town.fukushima.hokkaido.jp/top/"
#page_maincontents_onecol,"http://www.town.shiriuchi.hokkaido.jp/kanko/whatsnew.html"
#top_news,"http://www.town.kikonai.hokkaido.jp/kurashi/whatsnew.html"
#page_maincontents-onecol,"https://www.town.nanae.hokkaido.jp/hotnews/backnumber/"
.news,"http://www.town.shikabe.lg.jp/hotnews/category/4.html"
.latest,"https://www.town.hokkaido-mori.lg.jp/bunya/sangyonyusatsu/more.html"
.list_type_a_list,"https://www.town.yakumo.lg.jp/life/2/index-2.html"
#main_a,"https://www.town.oshamambe.lg.jp/soshiki/list1-1.html"
.outer,"https://www.hokkaido-esashi.jp/modules/whatsnew/"
#main_area_page,"http://www.town.kaminokuni.lg.jp/hotnews/backnumber/?os=0"
.outer,"https://www.town.assabu.lg.jp/modules/whatsnew/"
.entry,"https://www.town.otobe.lg.jp/topics.html"
#sincyaku2,"https://www.town.okushiri.lg.jp/hotnews/backnumber/"
#main,"https://www.town.imakane.lg.jp/gyousei/gyousei_info/"
.entrycontent,"https://www.town.setana.lg.jp/news/"
.l-artCol_main,"https://www.vill.shimamaki.lg.jp/news/"
.radius-wrap-inr,"http://www.town.suttu.lg.jp/info/?id=2"
#topics,"http://www.kuromatsunai.com/"
.l-2col_main,"https://www.town.rankoshi.hokkaido.jp/administration/news/?parent=work"
#article,"https://www.town.niseko.lg.jp/information/?c=16"
#article,"https://www.vill.makkari.lg.jp/news/"
#page_left_maincontents,"http://www.vill.rusutsu.lg.jp/hotnews/backnumber/"
#content,"http://www.town.kimobetsu.hokkaido.jp/shinchaku/index.html"
.article_inner,"http://www.town-kyogoku.jp/news/"
.article_inner,"https://www.town.kutchan.hokkaido.jp/news/"
#content,"https://www.town.kyowa.hokkaido.jp/news/index.html"
.kizi1,"https://www.town.iwanai.hokkaido.jp/"
.pages,"http://www.vill.tomari.hokkaido.jp/sangyoshigoto/"
#sincyaku_backnumber,"https://www.vill.kamoenai.hokkaido.jp/hotnews/backnumber/"
.panel-body,"https://www.town.shakotan.lg.jp/topics/"
.column02-inr,"http://www.town.furubira.lg.jp/info/?cat=life"
#news,"http://www.town.niki.hokkaido.jp/news.html"
.news_list,"https://www.town.yoichi.hokkaido.jp/new/index.html"
.topBlock3,"https://www.akaigawa.com/info/index.html"
.lists,"https://www.town.nanporo.hokkaido.jp/topics/"
#a_inner,"http://www.town.naie.hokkaido.jp/oshirase/"
.in,"https://town.kamisunagawa.hokkaido.jp/sangyo_kanko/index.html"
#page_maincontents-onecol,"https://www.maoi-net.jp/kanko_nogyo/whatsnew.html"
.section_information_list_wrap,"https://www.town.kuriyama.hokkaido.jp/life/4/index-2.html"
.PickUp_info,"http://www.town.tsukigata.hokkaido.jp/1008.htm"
.row,"https://www.town.urausu.hokkaido.jp/news/index.html"
#sincyaku_backnumber,"http://www.town.shintotsukawa.lg.jp/hotnews/backnumber/"
.row,"https://www.town.moseushi.hokkaido.jp/news/index.html"
.c-newsList,"https://www.town.chippubetsu.hokkaido.jp/news/?category=work"
.clearfix,"https://www.town.uryu.hokkaido.jp/life/5/index-2.html"
#newsList,"http://www.town.hokuryu.hokkaido.jp/news.php"
.entry,"https://www.town.numata.hokkaido.jp/news.html"
#news_list,"https://www.town.takasu.hokkaido.jp/sangyou/news/index.html"
.entry,"https://www.town.higashikagura.lg.jp/topics/kurashi/"
.paragraph,"http://www.town.tohma.hokkaido.jp/news/"
.entry,"http://www.town.pippu.hokkaido.jp/cms/news.html"
.bg_box,"http://www.town.aibetsu.hokkaido.jp/info/?cat=1"
.entry,"https://www.town.hokkaido-kamikawa.lg.jp/news.html#topicNews"
.topTopicsList01,"https://www.town.higashikawa.hokkaido.jp/"
#article,"https://www.town.biei.hokkaido.jp/whatsnew.html"
#newarrivals,"https://www.town.kamifurano.hokkaido.jp/index.php?id=261"
.news,"http://www.town.nakafurano.lg.jp/hotnews/category/5.html"
.contents,"https://www.town.minamifurano.hokkaido.jp/category/news/"
.entrys,"https://www.vill.shimukappu.lg.jp/shimukappu/news.html#topic_news"
.news-list,"https://www.town.wassamu.hokkaido.jp/"
.newscont,"https://www.town.kembuchi.hokkaido.jp/"
.event_info,"https://www.town.shimokawa.hokkaido.jp/jigyo/news/"
#topic_news,"http://www.town.bifuka.hokkaido.jp/cms/news.html"
#oshirase,"http://www.vill.otoineppu.hokkaido.jp/oshirase/index.html"
.entrys,"https://www.town.nakagawa.hokkaido.jp/news.html"
.entry-content,"https://www.town.horokanai.hokkaido.jp/archives/category/news#"
.information,"https://www.town.mashike.hokkaido.jp/newsroom/archive_037.html"
#top_news,"http://www.town.obira.hokkaido.jp/hotnews/backnumber/"
#news,"http://www.town.tomamae.lg.jp/topics.html"
#oshirase,"https://www.town.haboro.lg.jp/etc/shinchaku.html"
.wrapper_3_rightside_ul01,"http://www.vill.shosanbetsu.lg.jp/?page_id=1041"
.latest,"http://www.town.embetsu.hokkaido.jp/bunya/sangyoshigoto/more.html"
#column-alpha-sub,"http://www.teshiotown.hokkaido.jp/?cat=3"
#sincyaku2,"https://www.vill.sarufutsu.hokkaido.jp/hotnews/backnumber/"
.tier2-news-list-div,"http://www.town.hamatonbetsu.hokkaido.jp/town/"
.active,"https://www.town.nakatombetsu.hokkaido.jp/notice"
.page_body,"https://www.esashi.jp/news/?cat=2"
.entry,"https://www.town.toyotomi.hokkaido.jp/news.html"
.news,"https://www.town.rebun.hokkaido.jp/hotnews/category/3.html"
.FrameDiv,"http://www.town.rishiri.hokkaido.jp/rishiri/module/1180.htm#moduleid1180"
.BrowserBlog,"https://www.town.rishirifuji.hokkaido.jp/rishirifuji/1313.htm"
#news,"https://www.town.horonobe.lg.jp/www4/topics.html#news"
.gyosei,"http://www.town.bihoro.hokkaido.jp/bunya/gyosei/"
.list-box03,"https://www.town.tsubetsu.hokkaido.jp/01news/index.html"
.newPageExists,"https://www.town.shari.hokkaido.jp/news_list.html"
.news_contents,"https://www.town.kiyosato.hokkaido.jp/gyousei/news/index.html"
#news_list,"https://www.town.koshimizu.hokkaido.jp/hotnews/backnumber/"
.cms-pages,"https://www.town.kunneppu.hokkaido.jp/life/infolist.html"
#article-wrap,"http://www.town.oketo.hokkaido.jp/topics/"
#oshirase,"https://www.town.saroma.hokkaido.jp/oshirase/index.html"
.news-list,"https://engaru.jp/news/?cat=5"
.c-newsList,"https://www.town.yubetsu.lg.jp/administration/news/?parent=work"
#sincyaku_backnumber,"https://www.town.takinoue.hokkaido.jp/chosei/whatsnew.html"
.entrys,"https://www.town.okoppe.lg.jp/cms/news.html"
.mainText,"https://www.vill.nishiokoppe.lg.jp/kankou/feeuub000000045i.html"
.cate_news-inner,"http://www.town.oumu.hokkaido.jp/hotnews/category/4.html"
.latest,"http://www.town.ozora.hokkaido.jp/bunya/sangyoshigoto/more.html"
#cate_news,"http://www.town.toyoura.hokkaido.jp/hotnews/category/6.html"
.entries-recently__list,"https://www.town.sobetsu.lg.jp/shinchaku/"
.latest,"http://www.town.shiraoi.hokkaido.jp/bunya/sangyoshigoto/more.html"
#entry,"http://www.town.atsuma.lg.jp/office/news/"
.colm-12,"http://www.town.toyako.hokkaido.jp/topics/"
.oshirase_list_allpage_selection,"https://www.town.abira.lg.jp/oshirase"
.inside_b,"http://www.town.mukawa.lg.jp/dd.aspx?moduleid=1099&_PickUp_para=15#moduleid1099"
.link-list,"http://www.town.hidaka.hokkaido.jp/life/2/12/index-2.html"
.inner,"http://www.town.biratori.hokkaido.jp/topics/"
#contents,"https://www.niikappu.jp/info/index.html"
#content-oshirase,"https://www.town.urakawa.hokkaido.jp/business/newslist.html"
.table1,"http://www.samani.jp/news/"
.entry,"https://www.town.erimo.lg.jp/news.html"
#whatsNew,"http://www.shinhidaka-hokkaido.jp/hotnews/category/5.html"
#whatNewContetns_shincyakutop,"https://www.town.otofuke.hokkaido.jp/keizai/whatsnew.html"
.workTopics,"https://www.shihoro.jp/work/"
.tbl_cr,"https://www.kamishihoro.jp/entry/p-1"
.list,"https://www.town.shikaoi.lg.jp/history/"
.list,"https://www.shintoku-town.jp/oshirase/"
.news-list-second,"https://www.town.shimizu.hokkaido.jp/news/index.html"
#news-list,"https://www.memuro.net/business/news.html"
.list,"https://www.vill.nakasatsunai.hokkaido.jp/info/"
#a_inner,"https://www.sarabetsu.jp/topics/"
.top_news,"https://www.town.taiki.hokkaido.jp/topics_list.html"
.list,"https://www.town.hiroo.lg.jp/info/"
#category-news,"https://www.town.makubetsu.lg.jp/kanko_sangyo/news/index.html"
#article,"https://www.town.hokkaido-ikeda.lg.jp/kurashi/whatsnew.html"
.latest,"http://www.toyokoro.jp/bunya/B/"
#mCSB_1_container,"https://www.town.honbetsu.hokkaido.jp/"
.ly_cont_main,"https://www.town.ashoro.hokkaido.jp/kurashi/news/"
#article,"https://www.rikubetsu.jp/topics/"
#category-oshirase,"https://www.urahoro.jp/oshirase/index.html"
#ListBox,"http://www.town.kushiro.lg.jp/what/"
#a_inner,"https://www.akkeshi-town.jp/oshirase/"
#category_link,"https://www.townhamanaka.jp/sangyou_shigoto/list.html"
#category-shinchaku,"https://town.shibecha.hokkaido.jp/news/index.html"
.list,"https://www.town.teshikaga.hokkaido.jp/kurashi/kanko_sangyo_shigoto/index.html"
.list,"https://www.vill.tsurui.lg.jp/news.html"
.entry,"https://www.town.shiranuka.lg.jp/gyosei/news.html"
.list,"https://betsukai.jp/history/"
.list,"http://www.nakashibetsu.jp/topics/"
.list,"https://www.shibetsutown.jp/topics/"
.topTopic,"https://www.rausu-town.jp/topics/index"
.ds,"https://www.pref.aomori.lg.jp/news/index_1.html"
#tmp_readcontents,"https://www.city.aomori.aomori.jp/sangyo-koyou/shinchaku.html"
#content,"http://www.city.hirosaki.aomori.jp/sangyo/"
.list,"https://www.city.hachinohe.aomori.jp/news.html"
.pagelist,"http://www.city.kuroishi.aomori.jp/news/sangyou/index.html"
.inner,"http://www.city.goshogawara.lg.jp/shigoto/"
#cat_news,"https://www.city.towada.lg.jp/sangyo/"
.freshContentList,"https://www.city.misawa.lg.jp/index.cfm/10,html"
.newsListBody,"https://www.city.mutsu.lg.jp/news/index.cfm/view.1.-.-.html"
.in,"https://www.city.tsugaru.aomori.jp/industry/oshirase/index.html"
#cat_news,"https://www.city.hirakawa.lg.jp/shigoto/"
.newsListBody,"http://www.town.hiranai.aomori.jp/news/index.cfm/view.1.-.-.html"
#news_list,"https://www.town.imabetsu.lg.jp/news/gyousei/index.html"
.osirase,"http://www.vill.yomogita.lg.jp/"
.news,"http://www.town.sotogahama.lg.jp/sangyo/"
.info-list,"https://www.town.ajigasawa.lg.jp/sangyo_jigyo/allNewsList.html"
.docs,"https://www.town.fukaura.lg.jp/categories/bunya/sangyou/more@docs_1.html"
#recommendContainer,"https://www.nishimeya.jp/shigoto/index.html"
.newsListBody,"http://www.town.fujisaki.lg.jp/news/index.cfm/view.1.-.-.html"
.newsListBody,"http://www.town.owani.lg.jp/news/index.cfm/view.1.-.-.html"
.latest,"http://www.vill.inakadate.lg.jp/bunya/sangyoshigoto/more.html"
.news_iframe,"https://www.town.itayanagi.aomori.jp/work/"
#RightColumnArea,"http://www.town.tsuruta.lg.jp/archive_info.html"
.newsListBody,"http://www.town.nakadomari.lg.jp/news/index.cfm/view.1.-.-.html"
.info-list,"http://www.town.noheji.aomori.jp/life/news"
#categoryNewList,"http://www.town.shichinohe.lg.jp/jigyo/index.html"
#tabs-1,"https://www.town.rokunohe.aomori.jp/"
.freshContentList,"http://www.town.yokohama.lg.jp/"
.contents-left-top,"http://www.town.tohoku.lg.jp/history.html"
.freshContentList,"https://www.rokkasho.jp/index.cfm/14,html"
.list_ccc,"https://www.town.oirase.aomori.jp/life/5/index-2.html"
.info-list,"https://www.town.ooma.lg.jp/life/news"
#topicsList,"http://www.vill.higashidoori.lg.jp/sub03/news.html"
.elementor-widget-wrap,"https://www.kazamaura.jp/business-person/%e5%85%a5%e6%9c%ad%e3%83%bb%e5%a5%91%e7%b4%84/"
.p-news-list,"http://test.vill.sai.lg.jp/news/#"
.in,"https://www.town.sannohe.aomori.jp/shigoto_sangyo/index.html"
.main_body2 topics_box_list,"http://www.town.gonohe.aomori.jp/gyosei_info.html"
.freshContentList,"http://www.town.takko.lg.jp/"
.freshContent,"http://www.town.aomori-nanbu.lg.jp/index.cfm/1,html"
.freshContentList,"https://www.town.hashikami.lg.jp/index.cfm/8,html"
#news,"http://www.vill.shingo.aomori.jp/category/news/"
.newslist,"https://www.pref.iwate.jp/news/newslist.html"
.newslist,"https://www.city.morioka.iwate.jp/topics/1000060.html"
.section_information_list,"https://www.city.ofunato.iwate.jp/life/2/index-2.html"
.newslist,"https://www.city.hanamaki.iwate.jp/cgi-evt/news.cgi?cate=0&mode=2"
.list,"https://www.city.kitakami.iwate.jp/life/sangyo_shigoto_kigyoritchi/index.html"
.List,"https://www.city.kuji.iwate.jp/sangyokowankoyo/index.html"
.attentionContentList,"https://www.city.tono.iwate.jp/index.cfm/46,html"
.leadContents,"https://www.city.ichinoseki.iwate.jp/index.cfm/29,0,91,6,html"
.list,"https://www.city.rikuzentakata.iwate.jp/machizukuri_sangyo/index.html"
.docs-all,"https://www.city.kamaishi.iwate.jp/category/bunya/chiikisangyo/shien/"
.box-container__main,"https://www.city.ninohe.lg.jp/mg/9"
.section_information_list,"https://www.city.hachimantai.lg.jp/life/2/index-2.html"
.section_information_list,"https://www.city.oshu.iwate.jp/life/2/index-2.html"
.pbNested,"https://www.city.takizawa.iwate.jp/whatsnew.html"
.docs,"https://www.town.shizukuishi.iwate.jp/shinchaku/"
.docs,"https://www.town.kuzumaki.iwate.jp/shinchaku/"
.contents,"https://town.iwate.iwate.jp/town/business/"
.list,"https://www.town.shiwa.iwate.jp/sangyo/index.html"
.latest,"https://www.town.yahaba.iwate.jp/bunya/kankousangyo/more.html"
.in,"https://www.town.nishiwaga.lg.jp/gyosei_shigoto_sangyo/index.html"
.docs,"https://www.town.kanegasaki.iwate.jp/articles/"
.attentionContentList,"https://www.town.hiraizumi.iwate.jp/index.cfm/1,html"
.latest,"https://www.town.sumita.iwate.jp/bunya/jigyousha/more.html"
.cms-pages,"https://www.town.otsuchi.iwate.jp/news/"
.category-pages,"https://www.town.yamada.iwate.jp/oshirase/jigyousya/"
.docs,"https://www.town.iwaizumi.lg.jp/category/attribute/business/"
.latest,"https://www.vill.tanohata.iwate.jp/bunya/gyousei/more.html"
.category-pages,"https://www.vill.fudai.iwate.jp/oshirase/"
.list-unstyled,"http://www.town.karumai.iwate.jp/article/jigyosha/#"
.group_w,"http://www.vill.noda.iwate.jp/top/news.html"
.category-pages,"http://www.vill.kunohe.iwate.jp/oshirase/"
.latest,"http://www.town.hirono.iwate.jp/bunya/sangyoshigoto/more.html"
.list,"https://www.town.ichinohe.iwate.jp/shigoto_sangyo/index.html"
.list_table,"https://www.pref.miyagi.jp/site/jigyousha/shinchaku/index.html"
.list_table,"https://www.city.sendai.jp/jigyosha/ichiran/index.html"
.title_list,"https://www.city.ishinomaki.lg.jp/d0020/news01.html"
.section_information_list,"https://www.city.shiogama.miyagi.jp/life/4/index-2.html"
.news,"https://www.kesennuma.miyagi.jp/li/business/news.html"
.list_ccc,"https://www.city.shiroishi.miyagi.jp/life/2/index-2.html"
.content-view-children,"https://www.city.natori.miyagi.jp/bunya/business"
.section_information_list,"https://www.city.kakuda.lg.jp/life/2/index-2.html"
#tmp_contents,"https://www.city.tagajo.miyagi.jp/shinchaku/index.html"
.newsArea,"https://www.city.iwanuma.miyagi.jp/business/index.html"
.info_box,"https://www.city.tome.miyagi.jp/shisejoho/shise-shinchaku/index.html"
.news,"https://www.kuriharacity.jp/li/010/news.html"
.freshContentList,"https://www.city.higashimatsushima.miyagi.jp/index.cfm/18,html"
.list,"https://www.city.osaki.miyagi.jp/shisei/news.html"
.mod-flex,"https://www.tomiya-city.miyagi.jp/information/sangyou/"
.allinfo-list,"https://www.town.zao.miyagi.jp/allNewsList.html"
.infoBox,"https://town.shichikashuku.miyagi.jp/info/"
.inside_b,"https://www.town.ogawara.miyagi.jp/dd.aspx?moduleid=1036&_PickUp_para=10#moduleid1036"
#wrap,"http://www.town.murata.miyagi.jp/new.html"
.newsListBody,"https://www.town.shibata.miyagi.jp/news/index.cfm/view.1.-.-.html"
.freshContent,"http://www.town.kawasaki.miyagi.jp/"
.tier2-news-list-div,"http://www.town.marumori.miyagi.jp/work/"
.newsContentij,"https://www.town.watari.miyagi.jp/"
.list_ccc,"https://www.town.yamamoto.miyagi.jp/life/4/index-2.html"
.attentionContentList,"https://www.town.miyagi-matsushima.lg.jp/index.cfm/11,html"
#tab1,"https://www.shichigahama.com/"
.list,"https://www.town.rifu.miyagi.jp/gyosei/machizukuri_sangyo/index.html"
.list_ccc,"https://www.town.taiwa.miyagi.jp/life/2/index-2.html"
.list_ccc,"https://www.town.miyagi-osato.lg.jp/life/1/index-2.html"
.section_information_list,"https://www.village.ohira.miyagi.jp/life/2/index-2.html"
.list,"https://www.town.shikama.miyagi.jp/news.html"
.list,"https://www.town.kami.miyagi.jp/sangyoshinko/index.html"
.list_table,"http://www.town.wakuya.miyagi.jp/sangyo/index.html"
#kasou-oshirase,"https://www.town.misato.miyagi.jp/09oshirase/index.html"
.content,"https://www.town.onagawa.miyagi.jp/index_new_r04.html"
.freshContentList,"http://www.town.minamisanriku.miyagi.jp/index.cfm/9,html"
.edu-p-update-section__body,"https://www.pref.akita.lg.jp/pages/news"
.newslist,"https://www.city.akita.lg.jp/news.html"
.with-category,"https://www.city.noshiro.lg.jp/news/sangyo/"
.news,"https://www.city.yokote.lg.jp/shigoto/index.html"
.archives,"https://www.city.odate.lg.jp/city/news-list"
.list,"https://www.city.oga.akita.jp/living_information/shigoto_sangyo/index.html"
.section_information_list,"https://www.city-yuzawa.jp/life/2/index-2.html"
.list,"https://www.city.kazuno.akita.jp/news.html"
.with-category,"https://www.city.yurihonjo.lg.jp/business/"
.list,"https://www.city.katagami.lg.jp/news.html"
.docs,"https://www.city.daisen.lg.jp/docs/index.202201.html"
.p-news__block__lists,"https://www.city.kitaakita.akita.jp/genre/shisei/news-list"
.in,"https://www.city.nikaho.akita.jp/gyosei/news_list.html"
.main600,"https://www.city.semboku.akita.jp/news_topics/whatsnew_date.php"
.list,"https://www.town.kosaka.akita.jp/kurashi_gyosei/news_list.html"
#WhatsNew_DL_IFL_DLU_LIST,"https://www.vill.kamikoani.akita.jp/local//common/controls/alllist/AllList.aspx?type=new"
.with-category,"http://www.town.fujisato.akita.jp/news/"
.section,"http://www.town.mitane.akita.jp/news/index.html?type=cal"
#content,"http://www.town.happou.akita.jp/bunya/kurashi/more.html"
#content,"http://www.town.gojome.akita.jp/top/news.html"
.with-category,"https://www.town.hachirogata.akita.jp/news.html"
.docs_1,"http://www.town.ikawa.akita.jp/categories/zokusei/shinchaku/"
.section,"https://www.vill.ogata.akita.jp/news/index.html"
.with-category,"https://www.town.misato.akita.jp/news/"
.article,"https://www.town.ugo.lg.jp/news/news.html"
.tyuumoku,"https://www.higashinaruse.com/"
.attention_list,"https://www.pref.yamagata.jp/sangyo/shinchaku/index.html"
.newslist,"https://www.city.yamagata-yamagata.lg.jp/newslist.html"
.sc-news_list,"https://www.city.yonezawa.yamagata.jp/module/1402.html#moduleid1402"
.info-list,"http://www.city.tsuruoka.lg.jp/sangyo/allNewsList.html"
.info-list,"https://www.city.sakata.lg.jp/sangyo/allNewsList.html"
.news_list,"http://www.city.shinjo.yamagata.jp/kigyo/kigiyoumuke.html"
.info-list,"http://www.city.sagae.yamagata.jp/allNewsList.html"
.list_ccc,"https://www.city.kaminoyama.yamagata.jp/life/3/index-2.html"
.top-info,"https://www.city.murayama.lg.jp/"
.list,"https://www.city.nagai.yamagata.jp/news.html"
#main_content_2nd_main,"https://www.city.tendo.yamagata.jp/news/"
.module,"https://www.city.higashine.yamagata.jp/4921.html"
.ex_whatsnew,"http://www.city.obanazawa.yamagata.jp/6.html"
.contents,"http://www.city.nanyo.yamagata.jp/osirase/"
.list_ccc,"https://www.town.yamanobe.yamagata.jp/life/4/index-2.html"
#new_news,"https://www.town.nakayama.yamagata.jp/soshiki/list1-1.html"
.pickup,"https://www.town.kahoku.yamagata.jp/13.html"
.secondbox02,"http://www.town.nishikawa.yamagata.jp/jigyo/index.html"
.list,"https://www.town.asahi.yamagata.jp/portal/business/index.html"
.pageList,"http://www.town.oe.yamagata.jp/news/"
.info-list,"http://www.town.oishida.yamagata.jp/allNewsList.html"
.wysiwyg,"https://www.town.kaneyama.yamagata.jp/shigoto_sangyo/index.html"
.news_frame,"https://mogami.tv/admin/200etc/05news-all.php"
.news,"https://www.town.funagata.yamagata.jp/li/shigoto/news.html"
.docs,"https://www.town.mamurogawa.yamagata.jp/category/bunya/machizukuri/more@docs_01.html"
.biz_news,"http://www.vill.ohkura.yamagata.jp/biz/"
.pageList,"https://www.vill.sakegawa.yamagata.jp/topics/"
#new_area,"http://www.vill.tozawa.yamagata.jp/category/jigyosha/"
.list,"https://www.town.takahata.yamagata.jp/news.html"
#update_honbun,"https://www.town.kawanishi.yamagata.jp/sangyo/ichiran.html"
.info,"http://www.town.oguni.yamagata.jp/info/info.html"
.column,"https://www.town.shirataka.lg.jp/dd.aspx?moduleid=2562&_PickUp_para=5#moduleid2562"
.update,"https://www.town.iide.yamagata.jp/shigototosangyou/index.html"
.info-list,"https://www.town.mikawa.yamagata.jp/business/allNewsList.html"
.info-list,"https://www.town.shonai.lg.jp/business/allNewsList.html"
.listing,"http://www.town.yuza.yamagata.jp/news/"
.list_ccc,"https://www.pref.fukushima.lg.jp/life/6/index-2.html"
.list_table,"https://www.city.fukushima.fukushima.jp/shigoto/index.html"
.entries,"https://www.city.aizuwakamatsu.fukushima.jp/group-portal/new-info-list-jigyosha/"
#main_body,"https://www.city.koriyama.lg.jp/soshiki/list1-1.html"
.news,"http://www.city.iwaki.lg.jp/www/genre/1000100000263/index.html"
#dirNewsList,"http://www.city.shirakawa.fukushima.jp/page/dir000008.html"
.news,"https://www.city.sukagawa.fukushima.jp/shigoto_sangyo/index.html"
.list_ccc,"https://www.city.kitakata.fukushima.jp/life/2/index-2.html"
.list,"https://www.city.soma.fukushima.jp/shigoto_sangyo/index.html"
.list_index,"https://www.city.nihonmatsu.lg.jp/news.php?type=0"
.list_ccc,"https://www.city.tamura.lg.jp/life/2/index-2.html"
.list,"https://www.city.minamisoma.lg.jp/portal/business/index.html"
.subNews,"https://www.city.fukushima-date.lg.jp/life/4/index-2.html"
.list_ccc,"https://www.city.motomiya.lg.jp/life/5/index-2.html"
.in,"https://www.town.koori.fukushima.jp/kurashi/business_industrial/index.html"
.list_ccc,"https://www.town.kunimi.fukushima.jp/soshiki/list1-1.html"
.list_ccc,"https://www.town.kawamata.lg.jp/site/jigyoshamuke/index-2.html"
.list,"https://www.vill.otama.fukushima.jp/oshirase/"
.u-mt20,"https://www.town.kagamiishi.fukushima.jp/information/all/"
.shinchakuUl,"https://www.vill.tenei.fukushima.jp/life/2/index-2.html"
.list,"https://www.town.shimogo.fukushima.jp/news.html"
.InPage--EntryList,"https://www.vill.hinoemata.lg.jp/information/new/"
.temp_list_page,"https://www.town.tadami.lg.jp/information/index.html"
.list,"https://www.town.minamiaizu.lg.jp/official/sangyo_jigyosha/index.html"
.latest,"https://www.vill.kitashiobara.fukushima.jp/bunya/sangyoshigoto/more.html"
.list_ccc,"https://www.town.nishiaizu.fukushima.jp/life/4/index-2.html"
.listC,"https://www.town.bandai.fukushima.jp/life/4/index-2.html"
.list,"https://www.town.inawashiro.fukushima.jp/cb/hpc/cbServlet?FRID=pastNewInfoList"
.list_top,"https://www.town.aizubange.fukushima.jp/life/5/index-2.html"
.newslist_ul,"https://www.vill.yugawa.fukushima.jp/index.html"
.docs,"https://www.town.yanaizu.fukushima.jp/categories/bunya/sangyo-shigoto/more@docs_1.html"
.contents03_li,"http://www.town.mishima.fukushima.jp/new-info"
.shinChakulist,"https://www.town.kaneyama.fukushima.jp/life/2/index-2.html"
.section,"https://www.town.aizumisato.fukushima.jp/040/news.html"
.list,"https://www.vill.nishigo.fukushima.jp/sangyo_business/index.html"
#dirNewsList,"https://www.vill.izumizaki.fukushima.jp/page/dir000006.html"
.list_index,"http://www.vill-nakajima.jp/news.php?type=0"
#dirNewsList,"http://www.town.yabuki.fukushima.jp/page/dir000005.html"
.newsListIndex,"http://www.town.tanagura.fukushima.jp/news.php?type=0"
#dirNewsList,"http://www.town.hanawa.fukushima.jp/page/dir000005.html"
.newsListIndex,"https://www.vill.samegawa.fukushima.jp/news.php?type=0"
.page_list,"https://www.town.ishikawa.fukushima.jp/info/"
.Temp-List,"https://www.vill.tamakawa.fukushima.jp/living/living_agri/"
.subNews,"https://www.vill.hirata.fukushima.jp/life/4/index-2.html"
.article-list,"http://www.town.asakawa.fukushima.jp/information/"
.topics_list,"https://www.town.furudono.fukushima.jp/news-topikkusu/index.html"
.list_ccc,"https://www.town.miharu.fukushima.jp/life/2/index-2.html"
.list_ccc,"https://www.town.ono.fukushima.jp/life/3/index-2.html"
.wb-contents,"https://www.town.hirono.fukushima.jp/kikaku/news.html"
.InPage--PageList,"https://www.town.naraha.lg.jp/information/"
.list,"https://www.tomioka-town.jp/news.html"
.newsListIndex,"http://www.kawauchimura.jp/news.php?type=0"
.list_ccc,"https://www.town.okuma.fukushima.jp/life/4/index-2.html"
.PickUp_info,"https://www.town.fukushima-futaba.lg.jp/dd.aspx?moduleid=1099&_PickUp_para=15#moduleid1099"
.list_ccc,"https://www.town.namie.fukushima.jp/life/11/index-2.html"
#news_list,"https://www.katsurao.org/life/2/index-2.html"
.list_ccc,"https://www.shinchi-town.jp/life/2/index-2.html"
.list_ccc,"https://www.vill.iitate.fukushima.jp/life/4/index-2.html"
#tmp_contents,"https://www.pref.ibaraki.jp/bosyu.html"
.list,"https://www.city.mito.lg.jp/001437/news.html"
.list,"https://www.city.hitachi.lg.jp/jigyo/004/index.html"
#dirNewsList,"https://www.city.tsuchiura.lg.jp/page/dir000004.html"
.list,"https://www.city.ibaraki-koga.lg.jp/news.html"
#dirNews,"https://www.city.ishioka.lg.jp/page/dir000008.html"
.newsListIndex,"https://www.city.yuki.lg.jp/page/dir000018.html"
.info-list,"https://www.city.ryugasaki.ibaraki.jp/jigyosha/allNewsList.html"
.newsListIndex,"https://www.city.shimotsuma.lg.jp/news.php?type=0"
.list,"http://www.city.joso.lg.jp/jigyosha/index.html"
#dirNewsList,"http://www.city.hitachiota.ibaraki.jp/page/dir004986.html"
#dirNewsList,"https://www.city.takahagi.ibaraki.jp/page/dir000004.html"
.docs,"https://www.city.kitaibaraki.lg.jp/category/bunya/jigyo/more@docs-shinchaku.html"
.newsListIndex,"https://www.city.kasama.lg.jp/page/dir001526.html"
#tmp_shinchaku_list_cnt,"https://www.city.toride.ibaraki.jp/jigyosha/shinchaku.html"
.newsListIndex,"https://www.city.ushiku.lg.jp/news.php?type=0"
.news,"https://www.city.tsukuba.lg.jp/jigyosha/index.html"
#contentinner,"https://www.city.hitachinaka.lg.jp/newslist.html"
.section_information_list,"https://city.kashima.ibaraki.jp/life/11/index-2.html"
#dirNewsList,"https://www.city.itako.lg.jp/page/dir002201.html"
.info-list,"https://www.city.moriya.ibaraki.jp/allNewsList.html"
#dirNewsList,"https://www.city.hitachiomiya.lg.jp/page/dir000005.html"
.newsListIndex,"https://www.city.naka.lg.jp/page/dir000016.html"
#dirNewsList,"https://www.city.chikusei.lg.jp/page/dir000004.html"
#dirNews,"https://www.city.bando.lg.jp/page/dir000005.html"
#dirNewsList,"https://www.city.inashiki.lg.jp/page/dir000005.html"
#mainContents,"https://www.city.kasumigaura.lg.jp/news.php?type=0"
#dirNewsList,"https://www.city.sakuragawa.lg.jp/page/dir000006.html"
.newslist,"https://www.city.kamisu.ibaraki.jp/business/1004420.html"
#dir,"https://www.city.namegata.ibaraki.jp/page/dir000020.html"
#dirNewsList,"https://www.city.hokota.lg.jp/page/dir000008.html"
.newsListIndex,"https://www.city.tsukubamirai.lg.jp/news.php?type=0"
.notice-box,"https://www.city.omitama.lg.jp/viewer/list-notice.html?idSubTop=2&id=2"
.notice-box,"https://www.town.ibaraki.lg.jp/viewer/list-notice.html?idSubTop=1&id=1"
.archive,"https://www.town.oarai.lg.jp/news/"
#dirNews,"https://www.town.shirosato.lg.jp/page/dir000004.html"
.list,"https://www.vill.tokai.ibaraki.jp/sangyo_business/index.html"
.newsListIndex,"https://www.town.daigo.ibaraki.jp/news.php?type=0"
#dirNewsList,"https://www.vill.miho.lg.jp/page/dir000006.html"
.main_naka_new cat_new,"https://www.town.ami.lg.jp/category/15-0-0-0-0-0-0-0-0-0.html"
#dirNewsList,"http://www.town.ibaraki-kawachi.lg.jp/page/dir000005.html"
.list_index,"https://www.town.ibaraki-yachiyo.lg.jp/news.php?type=0"
.list_index,"https://www.town.goka.lg.jp/page/dir000008.html"
.list_index,"https://www.town.ibaraki-sakai.lg.jp/page/dir000010.html"
#dir,"http://www.town.tone.ibaraki.jp/page/dir000734.html"
#tmp_contents,"https://www.pref.tochigi.lg.jp/kurashi/shinchaku.html"
.news,"https://www.city.utsunomiya.tochigi.jp/sangyo/index.html"
.list_ccc,"https://www.city.ashikaga.tochigi.jp/life/2/index-2.html"
.list_ccc,"https://www.city.tochigi.lg.jp/life/2/index-2.html"
.list,"https://www.city.sano.lg.jp/news.html"
.notice-box,"https://www.city.kanuma.tochigi.jp/viewer/list-notice.html?idSubTop=1&id=1"
.datatable,"https://www.city.nikko.lg.jp/jigyosha/index.html"
.list_ccc,"https://www.city.oyama.tochigi.jp/life/2/index-2.html"
.list,"https://www.city.moka.lg.jp/toppage/news.html"
.docs,"https://www.city.ohtawara.tochigi.jp/category/bunya/industry/more@docs-shinchaku.html"
.list_ccc,"https://www.city.yaita.tochigi.jp/life/10/index-2.html"
.list,"https://www.city.nasushiobara.lg.jp/news_list.html"
.list_ccc,"https://www.city.tochigi-sakura.lg.jp/life/2/index-2.html"
#dirNewsList,"https://www.city.nasukarasuyama.lg.jp/page/dir000006.html"
.notice-box,"http://www.city.shimotsuke.lg.jp/viewer/list-notice.html?idSubTop=7&id=10"
.notice-box,"https://www.town.kaminokawa.lg.jp/viewer/list-notice.html?id=1#"
.list_index,"http://www.town.mashiko.tochigi.jp/news.php"
.table,"https://www.town.motegi.tochigi.jp/motegi/news.php"
#WhatsNew_DL_IFL_DLU_LIST,"https://www.town.ichikai.tochigi.jp/local//common/controls/alllist/AllList.aspx?type=new"
.list_table,"https://www.town.tochigi-haga.lg.jp/menu/jigyosha/index.html"
.latest,"https://www.town.mibu.tochigi.jp/bunya/kankosangyo/more.html"
.list_index,"https://www.town.nogi.lg.jp/page/dir000010.html"
.box-container__main,"https://www.town.shioya.tochigi.jp/mg/9"
#infoArea,"https://www.town.takanezawa.tochigi.jp/information/index.html"
.notice-box,"https://www.town.nasu.lg.jp/viewer/list-notice.html?idSubTop=1&id=1"
#oshirase,"http://www.town.tochigi-nakagawa.lg.jp/02news/index.html"
.list-type04,"https://www.pref.gunma.jp/hojyokin/index.html#10006"
.level1col2,"https://www.city.maebashi.gunma.jp/sangyo_business/4/1/index.html"
.body,"https://www.city.takasaki.gunma.jp/jigyousha/"
.objectlink,"https://www.city.kiryu.lg.jp/sangyou/index.html"
.list,"https://www.city.isesaki.lg.jp/sangyo/index.html"
#news,"https://www.city.ota.gunma.jp/001news/index.html"
.news,"https://www.city.numata.gunma.jp/jigyosha/index.html"
.news,"https://www.city.tatebayashi.gunma.jp/li/kurashi/news.html"
.news-box,"https://www.city.shibukawa.lg.jp/sangyou/index.html"
.list,"https://www.city.fujioka.gunma.jp/shigoto_sangyo/index.html"
.news,"https://www.city.tomioka.lg.jp/www/genre/0000000000000/1001050000101/index.html"
#topicslist,"https://www.city.annaka.lg.jp/news/index.html"
#news_area,"https://www.city.midori.gunma.jp/www/genre/1000000000147/index.html"
.notice-box,"https://www.vill.shinto.gunma.jp/viewer/list-notice.html?id=1"
.newslist-contents,"https://www.town.yoshioka.gunma.jp/business/"
#contents,"http://www.uenomura.jp/vill-news/index.html"
.menu_list,"https://www.town.shimonita.lg.jp/new_list.html"
.contents_list,"https://www.town.kanra.lg.jp/new.html"